invoice_number,po_number,carrier_name,billed_base_freight,billed_fuel_surcharge,billed_accessorial_fee,billed_weight_lbs,invoice_date
INV-1001,PO-1001,Northstar Freight,2450.0,220.5,20.0,10000.0,2026-09-01
INV-1002,PO-1002,BlueLine Logistics,3100.0,310.0,95.0,12000.0,2026-09-02
INV-1003,PO-1003,Atlas Haulage,1850.0,191.5,60.0,8000.0,2026-09-03
INV-1005,PO-1005,BlueLine Logistics,2200.0,198.0,80.0,9000.0,2026-09-05
INV-1006,PO-1006,Atlas Haulage,1640.0,147.6,60.0,7000.0,2026-09-06
INV-1007,PO-1007,Northstar Freight,3180.0,285.0,180.0,15000.0,2026-09-07
INV-1008,PO-1008,BlueLine Logistics,1460.0,131.4,55.0,6200.0,2026-09-08
INV-1009,PO-1009,Atlas Haulage,1180.0,106.2,45.0,5000.0,2026-09-09
INV-1010,PO-1010,Northstar Freight,1350.0,121.5,50.0,7000.0,2026-09-10
INV-1011,PO-1011,BlueLine Logistics,980.0,88.2,40.0,4500.0,2026-09-11
INV-1012,PO-1012,Atlas Haulage,1090.0,98.1,45.0,5200.0,2026-09-12
INV-1004,PO-1004,Northstar Freight,1280.0,115.2,150.0,6000.0,2026-09-04
