invoice_number,po_number,carrier_name,billed_base_freight,billed_fuel_surcharge,billed_accessorial_fee,billed_weight_lbs,invoice_date,vendor_id,carrier_name_po,origin,destination,contracted_base_freight,agreed_fuel_surcharge,max_accessorial_allowance,delivery_timestamp,dock_signature,actual_scale_weight_lbs,receipt_found,base_variance,fuel_variance,accessorial_variance,total_overbill,total_contracted_value,variance_pct,weight_variance_lbs,weight_variance_pct,weight_check_passed,status
INV-1001,PO-1001,Northstar Freight,2450.0,220.5,20.0,10000.0,2026-09-01,V-101,Northstar Freight,"Chicago, IL","Columbus, OH",2450.0,220.5,75.0,2026-08-29 14:10,Maria Chen,10000.0,True,0.0,0.0,0.0,0.0,2745.5,0.0,0.0,0.0,True,TOUCHLESS_APPROVED
INV-1002,PO-1002,BlueLine Logistics,3100.0,310.0,95.0,12000.0,2026-09-02,V-102,BlueLine Logistics,"Dallas, TX","Phoenix, AZ",3100.0,310.0,100.0,2026-08-30 09:30,James Patel,12000.0,True,0.0,0.0,0.0,0.0,3510.0,0.0,0.0,0.0,True,TOUCHLESS_APPROVED
INV-1003,PO-1003,Atlas Haulage,1850.0,191.5,60.0,8000.0,2026-09-03,V-103,Atlas Haulage,"Atlanta, GA","Nashville, TN",1850.0,166.5,60.0,2026-08-31 16:45,Avery Brooks,8000.0,True,0.0,25.0,0.0,25.0,2076.5,0.012039489525644112,0.0,0.0,True,REVIEW_REQUIRED
INV-1005,PO-1005,BlueLine Logistics,2200.0,198.0,80.0,9000.0,2026-09-05,V-105,BlueLine Logistics,"Newark, NJ","Boston, MA",2200.0,198.0,80.0,2026-09-02 13:15,James Patel,9000.0,True,0.0,0.0,0.0,0.0,2478.0,0.0,0.0,0.0,True,TOUCHLESS_APPROVED
INV-1006,PO-1006,Atlas Haulage,1640.0,147.6,60.0,7000.0,2026-09-06,V-106,Atlas Haulage,"Memphis, TN","St. Louis, MO",1640.0,147.6,60.0,2026-09-03 10:00,Avery Brooks,7000.0,True,0.0,0.0,0.0,0.0,1847.6,0.0,0.0,0.0,True,TOUCHLESS_APPROVED
INV-1007,PO-1007,Northstar Freight,3180.0,285.0,180.0,15000.0,2026-09-07,V-107,Northstar Freight,"Denver, CO","Salt Lake City, UT",2750.0,247.5,90.0,2026-09-04 15:35,Maria Chen,14000.0,True,430.0,37.5,90.0,557.5,3087.5,0.1805668016194332,720.0,0.0714285714285714,False,DISCREPANCY_FLAGGED
INV-1008,PO-1008,BlueLine Logistics,1460.0,131.4,55.0,6200.0,2026-09-08,V-108,BlueLine Logistics,"Los Angeles, CA","Las Vegas, NV",1460.0,131.4,55.0,2026-09-05 08:50,James Patel,6200.0,True,0.0,0.0,0.0,0.0,1646.4,0.0,0.0,0.0,True,TOUCHLESS_APPROVED
INV-1009,PO-1009,Atlas Haulage,1180.0,106.2,45.0,5000.0,2026-09-09,V-109,Atlas Haulage,"Kansas City, MO","Omaha, NE",1180.0,106.2,45.0,2026-09-06 12:25,Avery Brooks,5000.0,True,0.0,0.0,0.0,0.0,1331.2,0.0,0.0,0.0,True,TOUCHLESS_APPROVED
INV-1010,PO-1010,Northstar Freight,1350.0,121.5,50.0,7000.0,2026-09-10,V-110,Northstar Freight,"Cleveland, OH","Pittsburgh, PA",1325.0,119.25,50.0,2026-09-07 09:05,Maria Chen,7000.0,True,25.0,2.25,0.0,27.25,1494.25,0.018236573531872177,0.0,0.0,True,REVIEW_REQUIRED
INV-1011,PO-1011,BlueLine Logistics,980.0,88.2,40.0,4500.0,2026-09-11,V-111,BlueLine Logistics,"Miami, FL","Orlando, FL",980.0,88.2,40.0,2026-09-08 14:40,James Patel,4500.0,True,0.0,0.0,0.0,0.0,1108.2,0.0,0.0,0.0,True,TOUCHLESS_APPROVED
INV-1012,PO-1012,Atlas Haulage,1090.0,98.1,45.0,5200.0,2026-09-12,V-112,Atlas Haulage,"Minneapolis, MN","Madison, WI",1090.0,98.1,45.0,,,,False,0.0,0.0,0.0,0.0,1233.1,0.0,,0.0,False,REVIEW_INCOMPLETE
INV-1004,PO-1004,Northstar Freight,1280.0,115.2,150.0,6000.0,2026-09-04,V-104,Northstar Freight,"Seattle, WA","Portland, OR",1280.0,115.2,50.0,2026-09-01 11:20,Maria Chen,6000.0,True,0.0,0.0,100.0,100.0,1445.2,0.0691945751453086,0.0,0.0,True,DISCREPANCY_FLAGGED
