po_number,delivery_timestamp,dock_signature,actual_scale_weight_lbs
PO-1001,2026-08-29 14:10,Maria Chen,10000
PO-1002,2026-08-30 09:30,James Patel,12000
PO-1003,2026-08-31 16:45,Avery Brooks,8000
PO-1004,2026-09-01 11:20,Maria Chen,6000
PO-1005,2026-09-02 13:15,James Patel,9000
PO-1006,2026-09-03 10:00,Avery Brooks,7000
PO-1007,2026-09-04 15:35,Maria Chen,14000
PO-1008,2026-09-05 08:50,James Patel,6200
PO-1009,2026-09-06 12:25,Avery Brooks,5000
PO-1010,2026-09-07 09:05,Maria Chen,7000
PO-1011,2026-09-08 14:40,James Patel,4500
